area_name_en,dld_buildings,matched_to_dm_building,match_pct
Madinat Hind 4,13413,6,0.0
Palm Jabal Ali,1627,0,0.0
Al Barsha South Fifth,1797,0,0.0
Palm Deira,1171,0,0.0
Al Hebiah Sixth,4157,0,0.0
Al Yelayiss 4,628,0,0.0
Al Yufrah 1,10355,3,0.0
Al Barsha South Fourth,3826,4,0.1
Me'Aisem First,2795,2,0.1
Al Yelayiss 1,14098,10,0.1
Al Rowaiyah First,1514,6,0.4
Al Warsan First,1531,8,0.5
Al Yelayiss 2,3866,41,1.1
Nadd Hessa,2249,25,1.1
Palm Jumeirah,1931,21,1.1
Al Hebiah Fifth,6858,127,1.9
Al Thanyah Fifth,4631,119,2.6
Al Yelayiss 5,1756,47,2.7
Wadi Al Safa 5,13904,765,5.5
Madinat Al Mataar,10177,570,5.6
Nad Al Shiba Third,1620,99,6.1
Saih Shuaib 1,680,57,8.4
Jabal Ali First,7374,636,8.6
Wadi Al Safa 7,8978,2295,25.6
Nad Al Shiba First,3477,950,27.3
Al Hebiah Fourth,4841,1325,27.4
Al Safouh Second,808,314,38.9
Hadaeq Sheikh Mohammed Bin Rashid,5507,2159,39.2
Al Barshaa South Second,1019,522,51.2
Wadi Al Safa 2,1987,1068,53.7
Al Waheda,918,543,59.2
Al Hebiah Third,3365,2010,59.7
Wadi Al Safa 3,6861,4285,62.5
Me'Aisem Second,2598,1630,62.7
Al Rashidiya,2248,1503,66.9
Jumeirah Second,1518,1055,69.5
Al Satwa,1153,830,72.0
Al Goze First,836,626,74.9
Al Jafliya,929,700,75.3
Dubai Investment Park Second,6063,4608,76.0
Hor Al Anz,2348,1822,77.6
Al Ras,550,428,77.8
Abu Hail,1707,1381,80.9
Al Muteena,1000,822,82.2
Al Raffa,580,484,83.4
Jumeirah First,2665,2232,83.8
Jumeirah Third,1813,1533,84.6
Al Wasl,836,713,85.3
Um Suqaim Third,976,833,85.3
Saih Shuaib 2,597,510,85.4
Jabal Ali Industrial First,535,460,86.0
Al Dhagaya,573,499,87.1
Al Baraha,632,557,88.1
Mirdif,11315,10031,88.7
Al Suq Al Kabeer,1240,1107,89.3
Al Saffa Second,848,760,89.6
Al Bada,2698,2454,91.0
Al Manara,1054,960,91.1
Al Murqabat,837,763,91.2
Um Suqaim First,1950,1784,91.5
Al Garhoud,1560,1428,91.5
Mankhool,591,542,91.7
Al Mararr,966,892,92.3
Al Karama,1113,1034,92.9
Naif,1372,1282,93.4
Al Saffa First,1579,1480,93.7
Um Suqaim Second,1808,1695,93.8
Al Barsha First,1752,1646,93.9
Al Khawaneej First,602,567,94.2
Al Barsha Third,1002,951,94.9
Al Mizhar First,533,506,94.9
Al Hebiah First,710,679,95.6
Al Barsha Second,1000,977,97.7
Nad Al Hamar,635,621,97.8
Ghadeer Al tair,1021,1002,98.1
Al Warqa Third,613,602,98.2
Al Thanyah Third,1354,1342,99.1
Dubai Investment Park First,4978,4942,99.3
Wadi Al Safa 6,4311,4301,99.8
Al Thanayah Fourth,7607,7598,99.9
Al Merkadh,1199,1198,99.9
